text,emotion,label
향기를 맡으니 내 안에 따뜻함이 번졌다.,기쁨,0
이 향은 오늘 하루를 안아줬다.,기쁨,0
따뜻한 조명 아래에서 더 빛났던 향이었다.,기쁨,0
좋은 향은 피곤한 일상을 위로해줬다.,기쁨,0
자연과 어우러진 향이 힐링처럼 다가왔다.,기쁨,0
카페에서 퍼진 향이 나를 웃게 했다.,기쁨,0
이 향은 어깨를 다독여주는 친구 같았다.,기쁨,0
햇살과 향이 조용히 마음을 두드렸다.,기쁨,0
기대하지 않은 향이 하루의 포인트가 됐다.,기쁨,0
향 하나로 모든 게 괜찮아 보였다.,기쁨,0
기분 좋은 일이 생길 것 같은 향이었다.,기쁨,0
창가에 앉아 향을 맡는 이 순간이 좋았다.,기쁨,0
이 향은 마음의 무게를 덜어주는 느낌이었다.,기쁨,0
하루의 끝에 만난 향이 위로가 됐다.,기쁨,0
이 향은 나를 위한 작은 응원 같았다.,기쁨,0
바쁜 하루 속 숨 돌릴 틈을 만들어준 향이었다.,기쁨,0
소소한 기쁨을 주는 향이었다.,기쁨,0
좋은 향은 그 자체로 감동이었다.,기쁨,0
한 모금의 향이 마음을 물들였다.,기쁨,0
이 향은 잠깐의 여행 같았다.,기쁨,0
기분 좋은 날씨에 향이 더해져 하루가 완벽해졌다.,기쁨,0
문을 열자 향기가 반겨주듯 다가왔다.,기쁨,0
이 향은 나를 살며시 미소 짓게 만들었다.,기쁨,0
맑은 공기 속 향이 코끝을 간질였다.,기쁨,0
향수 뿌린 순간부터 하루가 특별해졌다.,기쁨,0
좋은 향은 평범한 공간을 설레게 만든다.,기쁨,0
따뜻한 햇살과 향이 조화를 이뤘다.,기쁨,0
이 향은 나를 사랑하게 하는 마법 같았다.,기쁨,0
출근길 향이 나에게 힘을 불어넣어줬다.,기쁨,0
좋은 향은 내 하루를 정리해주는 마침표였다.,기쁨,0
편안한 음악과 어울리는 향이었다.,기쁨,0
마음속 깊은 곳이 향으로 환해졌다.,기쁨,0
지나가는 사람의 잔향이 여운을 남겼다.,기쁨,0
이 향은 나에게 휴식을 선물했다.,기쁨,0
기대하지 않았던 향기가 반가움을 안겨줬다.,기쁨,0
바람을 따라 퍼지는 향이 상쾌했다.,기쁨,0
햇살 아래서 향이 마음 깊숙이 퍼져나갔다.,기쁨,0
이 향은 익숙하면서도 새로웠다.,기쁨,0
이 향은 봄바람처럼 부드럽게 다가왔다.,기쁨,0
"향을 맡는 순간, 오늘 하루가 선물처럼 느껴졌다.",기쁨,0
이 향은 꼭 누군가의 고백처럼 다가왔다.,기쁨,0
지나가는 사람의 잔향에 괜히 설렜다.,기쁨,0
따뜻한 차와 함께한 향이 겨울 오후를 특별하게 만들었다.,기쁨,0
바쁜 틈 속에서 향이 나를 꼭 안아주는 느낌이었다.,기쁨,0
햇살 아래에서 퍼지는 향이 눈부신 하루를 열어줬다.,기쁨,0
향 하나에 사랑받고 있다는 기분이 들었다.,기쁨,0
기분 좋은 음악과 함께 퍼지는 향이 마음을 들뜨게 했다.,기쁨,0
"향을 맡는 순간, 괜히 어제보다 오늘이 좋아졌다.",기쁨,0
익숙한 거리에서 퍼지는 향이 하루를 반짝이게 했다.,기쁨,0
달콤한 향이 어릴 적 기억을 간질였다.,기쁨,0
가만히 앉아 향을 느끼는데 마음이 말랑해졌다.,기쁨,0
따뜻한 이불 속 향이 하루의 피로를 녹여줬다.,기쁨,0
"잔잔한 오후, 향 하나로 평온이 찾아왔다.",기쁨,0
창밖을 바라보며 맡은 향에 미소가 절로 지어졌다.,기쁨,0
조용한 도서관에서도 향이 나를 웃게 했다.,기쁨,0
편안한 향이 긴장을 풀어줬다.,기쁨,0
이 향은 내 하루를 포장해주는 리본 같았다.,기쁨,0
향 하나로 무채색이던 하루가 색을 입었다.,기쁨,0
가슴이 뭉클해질 만큼 향이 따뜻했다.,기쁨,0
향이 나를 천천히 감싸 안았다.,기쁨,0
이 향은 내 하루에 작은 햇살을 비췄다.,기쁨,0
"조용한 밤, 이 향이 마음을 채워줬다.",기쁨,0
자연스럽게 미소가 지어진 향이었다.,기쁨,0
좋은 기억들이 향과 함께 되살아났다.,기쁨,0
이 향은 고요한 행복을 안겨줬다.,기쁨,0
커튼 사이로 들어온 빛과 향이 어우러졌다.,기쁨,0
이 향은 오늘 하루를 환하게 물들였다.,기쁨,0
내가 좋아하는 모든 것이 담긴 향이었다.,기쁨,0
창문 틈새로 스며든 향이 마음에 작은 파장을 일으켰다.,기쁨,0
향을 따라 걷는 길이 마치 동화 속 산책 같았다.,기쁨,0
거울 앞에 선 나를 향해 퍼진 향이 응원을 건넸다.,기쁨,0
이 향은 겨울 햇살처럼 마음을 녹여줬다.,기쁨,0
따뜻한 손편지를 읽는 듯한 향이었다.,기쁨,0
우산을 접고 들어선 공간에 퍼진 향이 안도를 줬다.,기쁨,0
"햇살 좋은 날, 향이 내 하루를 더 환하게 만들어줬다.",기쁨,0
햇살을 따라 걷는 길에 퍼진 향이 마음을 간지럽혔다.,기쁨,0
향이 나를 더 환하게 만들어주는 하루였다.,기쁨,0
향 하나로 하루가 선물처럼 느껴졌다.,기쁨,0
"그 향을 맡는 순간, 모든 걱정이 사라지는 듯했다.",기쁨,0
향기를 따라 추억 여행을 떠난 것 같았다.,기쁨,0
향 하나가 나를 다정하게 안아주는 듯했다.,기쁨,0
밝은 햇살 아래 피어오르는 향에 웃음이 났다.,기쁨,0
향이 나를 위한 작은 축하처럼 느껴졌다.,기쁨,0
"마음이 들뜬 날, 향이 더 기분을 끌어올려줬다.",기쁨,0
향을 맡자마자 좋은 일이 생길 것 같은 예감이 들었다.,기쁨,0
기분 좋은 바람과 함께 향이 퍼져나갔다.,기쁨,0
이 향은 내가 소중하다고 말해주는 것 같았다.,기쁨,0
"눈을 감고 향을 맡자, 온몸에 여유가 퍼졌다.",기쁨,0
이 향은 마치 '잘 하고 있어'라고 응원하는 듯했다.,기쁨,0
향기와 함께한 오늘이 오래도록 기억에 남을 것 같았다.,기쁨,0
우연히 맡은 향이 어린 시절의 웃음을 떠올리게 했다.,기쁨,0
가벼운 산책길에 퍼진 향이 상쾌함을 더했다.,기쁨,0
무심코 뿌린 향이 하루를 특별하게 바꿔줬다.,기쁨,0
햇볕 아래 피어난 꽃 향과 닮아 있었다.,기쁨,0
가슴 한켠이 따뜻해지는 느낌이 향기와 함께 찾아왔다.,기쁨,0
이 향 덕분에 나 자신을 더 사랑하고 싶어졌다.,기쁨,0
일상에 숨어 있던 작은 행복을 향이 꺼내줬다.,기쁨,0
"향이 코끝을 스치자, 모든 게 괜찮아질 것 같았다.",기쁨,0
버스 창밖 풍경과 어우러진 향이 기분을 들뜨게 했다.,기쁨,0
잔잔한 음악과 함께 퍼지는 향에 마음이 몽글몽글해졌다.,기쁨,0
이 향을 맡으면 괜히 삶이 괜찮은 것 같아진다.,기쁨,0
가벼운 바람 속 섞인 향이 나를 춤추게 만들었다.,기쁨,0
"일상 속 작은 여유, 향기 하나로 충분했다.",기쁨,0
향기를 맡자마자 지난 여행의 설렘이 떠올랐다.,기쁨,0
좋아하는 사람이 생각나는 향에 마음이 간질거렸다.,기쁨,0
행복했던 순간들이 이 향 속에 담겨 있는 듯했다.,기쁨,0
웃음소리와 함께 어울리는 향이었다.,기쁨,0
따뜻한 커피와 함께 어울리는 향이었다.,기쁨,0
일이 잘 풀릴 것 같은 예감이 향과 함께 찾아왔다.,기쁨,0
이 향은 나에게 작은 축하처럼 느껴졌다.,기쁨,0
향을 따라 걷다 보니 온 세상이 환해진 듯했다.,기쁨,0
따뜻한 라떼 위로 퍼지는 향이 오늘을 특별하게 했다.,기쁨,0
향기만으로도 나를 칭찬해주는 기분이었다.,기쁨,0
겨울 햇살처럼 부드러운 향이 마음을 어루만졌다.,기쁨,0
잊고 있던 설렘이 향과 함께 되살아났다.,기쁨,0
평범한 순간이 이 향으로 반짝이기 시작했다.,기쁨,0
소소한 일상 속 큰 위로가 되는 향기였다.,기쁨,0
기대하지 않았던 순간에 다가온 향이 감동을 줬다.,기쁨,0
기분 좋은 일이 생길 것만 같은 느낌을 줬다.,기쁨,0
바쁜 하루 속 잠시 멈추게 해주는 향이었다.,기쁨,0
친구와의 수다 속 향기마저 즐거움으로 느껴졌다.,기쁨,0
햇살과 함께 스며든 향에 마음이 포근하게 감싸졌다.,기쁨,0
나를 위한 선물처럼 느껴졌던 향이었다.,기쁨,0
거울 앞에서 이 향을 맡자 스스로가 예뻐 보였다.,기쁨,0
일상을 환하게 밝혀주는 향 하나로 충분했다.,기쁨,0
햇살보다 먼저 마음을 데워주는 향이었다.,기쁨,0
따뜻한 말보다 더 깊이 다가온 건 향의 온기였다.,기쁨,0
좋은 일이 생길 것 같다는 기대감이 향과 함께 피어올랐다.,기쁨,0
하늘을 올려다보며 맡은 향이 모든 걸 잊게 만들었다.,기쁨,0
설렘을 가득 안고 향수를 뿌린 나를 좋아하게 됐다.,기쁨,0
맑은 하늘처럼 깨끗한 향이 마음을 맑게 했다.,기쁨,0
창문을 열자 퍼지는 향기에 삶의 여유가 느껴졌다.,기쁨,0
이 향은 어제의 걱정까지도 녹여주는 힘이 있다.,기쁨,0
"이 향을 맡는 순간, 어린 시절의 소풍이 떠올랐다.",기쁨,0
괜히 기분이 좋아져서 콧노래가 나왔다.,기쁨,0
"마음이 가라앉던 날, 향이 다시 나를 일으켰다.",기쁨,0
공원 벤치에 앉아 향을 맡으니 마음이 한결 가벼워졌다.,기쁨,0
향을 맡자마자 하루의 피로가 사라졌다.,기쁨,0
이 향은 나를 더 사랑하게 만들어줬다.,기쁨,0
작은 향 하나가 큰 위로가 된 날이었다.,기쁨,0
햇살이 비치는 창가에서 퍼진 향이 내 마음을 포근하게 감쌌다.,기쁨,0
평범한 하루가 이 향으로 특별한 하루가 되었다.,기쁨,0
"조용한 오후, 이 향 하나로 마음이 따뜻해졌다.",기쁨,0
오랜만에 웃게 만든 건 향기 속 따스함이었다.,기쁨,0
향을 따라 퍼지는 기분 좋은 기억이 오늘을 반짝이게 했다.,기쁨,0
"커피잔을 들고 향을 맡는 순간, 평화가 찾아왔다.",기쁨,0
하루의 시작을 알리는 향이 나를 설레게 만들었다.,기쁨,0
따뜻한 햇살과 함께 퍼지는 향에 미소가 지어졌다.,기쁨,0
이 향은 나에게 ‘괜찮아’라고 말해주는 듯했다.,기쁨,0
기분 좋은 일들이 연달아 일어날 것만 같았다.,기쁨,0
낯선 공간에서 이 향은 지나치게 도드라졌다.,불안,1
사소한 향조차 예민하게 다가왔다.,불안,1
잔잔한 향인데도 가슴은 답답했다.,불안,1
향이 어지럽게 감정을 끌어올렸다.,불안,1
마음속 어둠이 향을 만나 퍼져나갔다.,불안,1
공간이 점점 좁아지는 느낌이었다.,불안,1
이 향이 지나간 자리에 불편함이 남았다.,불안,1
뭔가 놓친 기분이 들게 하는 향이었다.,불안,1
향기가 생각보다 오래 머물렀다.,불안,1
이 냄새는 안 좋은 기억과 겹쳐 있었다.,불안,1
익숙한 향조차 어색하게 느껴졌다.,불안,1
창밖을 보는 것도 괜히 무서웠다.,불안,1
향이 문득 나를 가두는 듯했다.,불안,1
말 없이 스며드는 향이 감정을 자극했다.,불안,1
모든 소리가 멀어지고 향만 남았다.,불안,1
잔향이 마음에 파문을 일으켰다.,불안,1
문득 멈춰서 향만 맡고 있었다.,불안,1
이 향은 예측할 수 없는 감정을 끌어냈다.,불안,1
이 향은 이유 없이 마음을 불안하게 만들었다.,불안,1
생각이 꼬리를 물며 향과 함께 맴돌았다.,불안,1
불편한 느낌이 향과 함께 다시 떠올랐다. (51),불안,1
불편한 느낌이 향과 함께 다시 떠올랐다. (52),불안,1
불편한 느낌이 향과 함께 다시 떠올랐다. (53),불안,1
불편한 느낌이 향과 함께 다시 떠올랐다. (54),불안,1
불편한 느낌이 향과 함께 다시 떠올랐다. (55),불안,1
불편한 느낌이 향과 함께 다시 떠올랐다. (56),불안,1
불편한 느낌이 향과 함께 다시 떠올랐다. (57),불안,1
불편한 느낌이 향과 함께 다시 떠올랐다. (58),불안,1
불편한 느낌이 향과 함께 다시 떠올랐다. (59),불안,1
바람에 흩날리는 향이 괜히 불안했다.,불안,1
불쑥 떠오른 기억이 향에 실려 퍼졌다.,불안,1
의자에 앉아 있는데도 긴장이 풀리지 않았다.,불안,1
익숙한 향인데도 마음은 불편했다.,불안,1
향이 너무 강해서 내 존재가 드러나는 것 같았다.,불안,1
"조용한 방 안, 향기마저 무겁게 느껴졌다.",불안,1
낯선 공간에서 퍼진 향이 나를 불안하게 만들었다.,불안,1
지나치게 또렷한 향이 내 하루를 흐리게 했다.,불안,1
이 향은 내 안의 불안을 숨길 수 없게 만들었다.,불안,1
마음속 불안을 꺼내는 열쇠 같은 향이었다.,불안,1
향이 주변 소음보다 더 크게 느껴졌다.,불안,1
혼잡한 길거리에서 이 향이 유난히 거슬렸다.,불안,1
이 향은 좋은 감정보다 경계심을 불러일으켰다.,불안,1
마음이 약해졌을 때 이 향은 더 부담스럽게 다가왔다.,불안,1
아무 냄새도 맡고 싶지 않은 날이었다.,불안,1
이 향은 어두운 골목처럼 마음을 조이게 했다.,불안,1
나도 모르게 한 걸음 물러서게 되는 향이었다.,불안,1
이 향은 무언가 잘못된 일이 일어날 것 같은 예감을 줬다.,불안,1
불편한 기억이 향과 함께 생생히 떠올랐다.,불안,1
의도치 않게 맡은 향이 감정을 뒤흔들었다.,불안,1
내 생각보다 훨씬 자극적인 향이었다.,불안,1
잔향이 너무 오래 남아 마음이 놓이지 않았다.,불안,1
이 향을 맡는 순간 가슴이 괜히 조여들었다.,불안,1
불 꺼진 방 안에서 향기조차 위협적으로 다가왔다.,불안,1
머리가 아플 정도로 짙은 향이었다.,불안,1
사람들 틈에서 유난히 날카롭게 느껴졌다.,불안,1
마음이 불편할 때 이 향은 도무지 위로가 되지 않았다.,불안,1
작은 소리에도 놀라는데 향기까지 예민하게 다가왔다.,불안,1
이 향은 나를 다시 그 불안했던 밤으로 데려갔다.,불안,1
기대와 다르게 다가온 향에 마음이 무너졌다.,불안,1
향이 감정을 억누르는 족쇄처럼 느껴졌다.,불안,1
깊게 숨 쉴 수 없을 정도로 답답했다.,불안,1
불안한 마음을 진정시키기는커녕 더 자극했다.,불안,1
이 향은 뭔가 숨겨야 할 것 같은 기분이 들게 했다.,불안,1
긴장되는 자리에 어울리지 않는 향이었다.,불안,1
이 향을 맡으면 불안했던 기억이 떠오른다.,불안,1
모르는 사람의 잔향이 괜히 불편하게 다가왔다.,불안,1
향이 내 기분을 방해하는 듯한 느낌이었다.,불안,1
예상치 못한 장소에서 퍼진 향이 나를 움츠러들게 했다.,불안,1
공기 속에 감도는 향이 이유 없이 초조하게 만들었다.,불안,1
향이 익숙하지 않아서 긴장감이 더해졌다.,불안,1
눈을 감고 있어도 잔향이 머릿속을 맴돌았다.,불안,1
향이 무겁게 내려앉아 주변이 조용해졌다.,불안,1
낯선 사람의 향이 가까이서 퍼져 더욱 긴장됐다.,불안,1
혼자 있는 시간에 이 향은 외로움을 더 키웠다.,불안,1
이 향은 나를 경계하게 만들었다.,불안,1
심장이 빨리 뛰기 시작했다.,불안,1
모든 소음이 사라지고 향만이 공간을 채웠다.,불안,1
향이 깊게 스며들면서 마음이 요동쳤다.,불안,1
불 꺼진 방에서 향이 더 무겁게 다가왔다.,불안,1
향이 멀어지지 않고 내 안에 갇혀 있는 듯했다.,불안,1
불편한 느낌이 향과 함께 다시 떠올랐다. (60),불안,1
아무 일도 없었는데 갑자기 식은땀이 났다.,불안,1
향에 감정이 뒤섞여 눈물이 날 것 같았다.,불안,1
향기가 너무 진해서 감정을 짓눌렀다.,불안,1
왜인지 모르게 초조해졌다.,불안,1
혼자 있을 때 이 향은 너무 강렬했다.,불안,1
괜히 문을 다시 잠그고 확인하게 됐다.,불안,1
향이 바람처럼 다가와 마음을 흔들었다.,불안,1
모서리에 숨어 있는 감정이 향으로 드러났다.,불안,1
이 향을 맡을수록 몸이 굳어갔다.,불안,1
숨 쉬는 것조차 조심스러웠다.,불안,1
눈앞이 아득해지면서 향만 또렷하게 남았다.,불안,1
마음 깊숙한 불안이 향을 타고 올라왔다.,불안,1
길을 걷다가 문득 향이 멀게 느껴졌다.,불안,1
이 향은 어딘가 안전하지 않은 공간처럼 느껴졌다.,불안,1
불쑥 스친 향에 아무 이유 없이 심장이 빨라졌다.,불안,1
향기가 너무 진해 숨이 턱 막히는 듯했다.,불안,1
"머릿속이 복잡해지던 순간, 향이 더 혼란스럽게 만들었다.",불안,1
익숙한 공간도 이 향 때문에 낯설게 느껴졌다.,불안,1
이 향을 맡자마자 온몸이 경직되는 느낌이 들었다.,불안,1
창문 틈 사이로 스며든 향이 불길한 기분을 자극했다.,불안,1
문득 풍겨온 향이 마음을 불편하게 만들었다.,불안,1
향이 나를 감싸는 것이 아니라 억눌렀다.,불안,1
향기가 내 생각을 가로막았다.,불안,1
향이 살짝 스쳤는데 마음이 갑자기 무거워졌다.,불안,1
모르는 사람의 향이 뒤를 따라오는 것 같았다.,불안,1
괜히 누가 지켜보는 듯한 느낌이 들었다.,불안,1
가슴이 두근거리며 뭔가 잘못된 것 같은 기분이 들었다.,불안,1
향을 맡는 순간 공기가 갑자기 무거워졌다.,불안,1
평소엔 괜찮던 향인데 오늘따라 불편했다.,불안,1
향이 내 머릿속 생각들을 뒤흔들었다.,불안,1
피곤한 몸에 이 향은 더 무겁게 내려앉았다.,불안,1
불편한 느낌이 향과 함께 다시 떠올랐다. (61),불안,1
이상하게 시선이 자꾸 뒤로 향했다.,불안,1
불편한 느낌이 향과 함께 다시 떠올랐다. (63),불안,1
이 향은 어쩌면 경고였을지도 모른다.,불안,1
나를 감시하듯 퍼지는 향이었다.,불안,1
숨을 참아야 할 것 같은 기분이 들었다.,불안,1
기억 저편의 불쾌함이 향으로 돌아왔다.,불안,1
향을 맡는 순간 가슴이 두근거렸다.,불안,1
괜히 주변이 조용하니 향까지 무섭게 느껴졌다.,불안,1
어디선가 스며든 향이 불안감을 더했다.,불안,1
향이 너무 날카롭게 느껴졌다.,불안,1
혼자 있는 공간에서 향이 무겁게 퍼졌다.,불안,1
조용한 방에 향이 자꾸 신경 쓰였다.,불안,1
누군가 곁에 있는 듯한 착각이 들었다.,불안,1
향을 맡자 갑자기 마음이 불편해졌다.,불안,1
방금 맡은 향이 어딘가 낯설었다.,불안,1
익숙하지 않은 향에 마음이 조였다.,불안,1
이 향은 어쩐지 안 좋은 일이 생길 것 같았다.,불안,1
정지된 시간 속에서 향만 흐르고 있었다.,불안,1
가만히 있어도 심장이 빠르게 뛰었다.,불안,1
혼자 있는 게 이렇게 무서운 줄 몰랐다.,불안,1
익숙한 향이 낯선 긴장을 불러일으켰다.,불안,1
아무도 없는데 발걸음 소리가 들리는 듯했다.,불안,1
가볍게 퍼진 향이 생각보다 무거웠다.,불안,1
잔향이 계속해서 머리를 어지럽혔다.,불안,1
향을 피하고 싶은데 도망칠 수 없었다.,불안,1
머릿속이 하얘지며 향만 남았다.,불안,1
평소와 다를 것 없는 향인데 오늘은 불편했다.,불안,1
향을 들이마시는 순간 몸이 굳었다.,불안,1
가슴 한켠이 답답해졌다.,불안,1
이 향은 나를 쫓아오는 느낌이었다.,불안,1
머릿속이 복잡해질수록 향이 더 진하게 느껴졌다.,불안,1
이 냄새가 불길함을 암시하는 것 같았다.,불안,1
계속 맡고 있으면 안 될 것 같았다.,불안,1
향이 공기 속에 갇힌 듯이 무겁게 느껴졌다.,불안,1
이 향은 나를 주시하는 느낌이었다.,불안,1
마음이 무너지기 직전 같은 기분이었다.,불안,1
한 발짝도 움직이기 싫을 정도로 무거운 향이었다.,불안,1
가벼운 바람조차 긴장을 풀지 못하게 했다.,불안,1
가까이 있는 듯한 향이 불편했다.,불안,1
낯선 공간에 퍼지는 향이 불편했다.,불안,1
숨을 깊게 쉬기가 어려웠다.,불안,1
숨을 쉴 때마다 향이 찔러왔다.,불안,1
불빛 아래에서도 향이 어둡게 느껴졌다.,불안,1
길을 걷다 갑자기 멈춰서게 됐다.,불안,1
냄새가 감정의 버튼을 누른 것 같았다.,불안,1
마음이 점점 더 무거워졌다.,불안,1
이 향은 왠지 나를 시험하는 것 같았다.,불안,1
아무리 생각해도 익숙해지지 않았다.,불안,1
사람들 틈에서 이 향이 유난히 도드라졌다.,불안,1
눈치 없이 따라오는 향이었다.,불안,1
기억 저편의 불편함을 끌어올렸다.,불안,1
감정이 어딘가 무너져내리는 느낌이었다.,불안,1
머리 뒤가 서늘해지는 기분이었다.,불안,1
이 향이 나를 긴장하게 만들었다.,불안,1
오늘따라 향이 더 강하게 느껴졌다.,불안,1
감정이 통제되지 않는 이유가 향 때문인 것 같았다.,불안,1
방안이 점점 작아지는 것만 같았다.,불안,1
무언가에 쫓기는 듯한 느낌이었다.,불안,1
이상하게 기분이 좋지 않았다.,불안,1
짙은 향이 감정을 누르고 있었다.,불안,1
향이 너무 짙어서 정신이 멍해졌다.,불안,1
불안한 느낌이 향기 속에 숨어있었다.,불안,1
이 향을 맡자 어딘가 숨고 싶어졌다.,불안,1
창문을 닫아도 향이 남아 있었다.,불안,1
이 냄새가 감정을 흔들어놨다.,불안,1
길을 걷다 갑자기 머리가 띵했다.,불안,1
아무 일도 없는데 괜히 불안해졌다.,불안,1
잔향이 계속 머리에 맴돌았다.,불안,1
익숙했던 공간이 낯설게 느껴졌다.,불안,1
마음속이 점점 조여드는 기분이었다.,불안,1
향기가 감정까지 자극하는 것 같았다.,불안,1
생각을 멈출 수 없게 만들었다.,불안,1
자꾸만 향이 머리에 맴돌았다.,불안,1
이 향이 괜히 나를 혼란스럽게 만들었다.,불안,1
기억나지 않는 기억이 떠오르는 기분이었다.,불안,1
몸이 긴장되어 움직이기 힘들었다.,불안,1
향에 뭔가 이상한 점이 느껴졌다.,불안,1
불편한 느낌이 향과 함께 다시 떠올랐다. (62),불안,1
이 향은 왠지 끝나지 않을 무언가 같았다.,불안,1
불편한 느낌이 향과 함께 다시 떠올랐다. (94),불안,1
불편한 느낌이 향과 함께 다시 떠올랐다. (95),불안,1
불편한 느낌이 향과 함께 다시 떠올랐다. (96),불안,1
불편한 느낌이 향과 함께 다시 떠올랐다. (97),불안,1
불편한 느낌이 향과 함께 다시 떠올랐다. (98),불안,1
불편한 느낌이 향과 함께 다시 떠올랐다. (99),불안,1
불편한 느낌이 향과 함께 다시 떠올랐다. (100),불안,1
향이 조용히 스며드는데 마음은 점점 무거워졌다.,불안,1
익숙한 향인데 낯설게 느껴졌다.,불안,1
아무 일도 없는데 등줄기에 식은땀이 흘렀다.,불안,1
향기가 감정을 자극하듯 파고들었다.,불안,1
조용한 공간에 향이 퍼지니 숨이 막혔다.,불안,1
향이 멀어지지 않고 계속 머물렀다.,불안,1
기분 좋은 향일 텐데 어쩐지 불안했다.,불안,1
주변 소리보다 향이 더 크게 느껴졌다.,불안,1
방 안의 공기가 향으로 가득 차서 답답했다.,불안,1
창문을 열어도 향은 쉽게 사라지지 않았다.,불안,1
향이 마음속 잊고 있던 감정을 건드렸다.,불안,1
누군가 다가오는 느낌이 향과 함께 왔다.,불안,1
이 향을 맡자 괜히 마음이 흔들렸다.,불안,1
눈을 감자 향만 또렷하게 남았다.,불안,1
자꾸만 어깨에 힘이 들어갔다.,불안,1
불빛 아래 향이 어둡게 퍼졌다.,불안,1
혼잣말조차 조심스러워졌다.,불안,1
이 향은 말없이 압박을 주는 느낌이었다.,불안,1
익숙한 공간인데 향이 낯설게 만들었다.,불안,1
향이 귓가에 속삭이는 것 같았다.,불안,1
멀리서 나는 향이 긴장을 높였다.,불안,1
불편한 느낌이 향과 함께 다시 떠올랐다. (93),불안,1
고요한 공간에 이 향은 너무 무거웠다.,불안,1
불편한 느낌이 향과 함께 다시 떠올랐다. (92),불안,1
불편한 느낌이 향과 함께 다시 떠올랐다. (90),불안,1
불편한 느낌이 향과 함께 다시 떠올랐다. (64),불안,1
불편한 느낌이 향과 함께 다시 떠올랐다. (65),불안,1
불편한 느낌이 향과 함께 다시 떠올랐다. (66),불안,1
불편한 느낌이 향과 함께 다시 떠올랐다. (67),불안,1
불편한 느낌이 향과 함께 다시 떠올랐다. (68),불안,1
불편한 느낌이 향과 함께 다시 떠올랐다. (69),불안,1
불편한 느낌이 향과 함께 다시 떠올랐다. (70),불안,1
불편한 느낌이 향과 함께 다시 떠올랐다. (71),불안,1
불편한 느낌이 향과 함께 다시 떠올랐다. (72),불안,1
불편한 느낌이 향과 함께 다시 떠올랐다. (73),불안,1
불편한 느낌이 향과 함께 다시 떠올랐다. (74),불안,1
이 향은 언제나 좋은 기억보다 걱정을 먼저 떠올리게 했다.,불안,1
불편한 느낌이 향과 함께 다시 떠올랐다. (75),불안,1
불편한 느낌이 향과 함께 다시 떠올랐다. (91),불안,1
불편한 느낌이 향과 함께 다시 떠올랐다. (76),불안,1
불편한 느낌이 향과 함께 다시 떠올랐다. (78),불안,1
불편한 느낌이 향과 함께 다시 떠올랐다. (79),불안,1
불편한 느낌이 향과 함께 다시 떠올랐다. (80),불안,1
불편한 느낌이 향과 함께 다시 떠올랐다. (81),불안,1
불편한 느낌이 향과 함께 다시 떠올랐다. (82),불안,1
불편한 느낌이 향과 함께 다시 떠올랐다. (83),불안,1
불편한 느낌이 향과 함께 다시 떠올랐다. (84),불안,1
불편한 느낌이 향과 함께 다시 떠올랐다. (85),불안,1
불편한 느낌이 향과 함께 다시 떠올랐다. (86),불안,1
불편한 느낌이 향과 함께 다시 떠올랐다. (87),불안,1
불편한 느낌이 향과 함께 다시 떠올랐다. (88),불안,1
불편한 느낌이 향과 함께 다시 떠올랐다. (89),불안,1
불편한 느낌이 향과 함께 다시 떠올랐다. (77),불안,1
내가 뿌렸지만 내가 당황한 향이었다.,당황,2
잔향이 의도보다 강해서 조심스러워졌다.,당황,2
회의실 안 향기가 분위기와 너무 달라 머쓱했다.,당황,2
지나가던 친구가 향에 놀라서 웃었다.,당황,2
분위기를 흐릴까 걱정되는 향이었다.,당황,2
생각보다 오래 남는 잔향이 어색하게 느껴졌다.,당황,2
주변에서 속삭이는 소리에 괜히 민망했다.,당황,2
향이 익숙하지 않아 낯설고 부끄러웠다.,당황,2
내가 느끼기에도 이건 과했구나 싶었다.,당황,2
이 정도로 진할 줄은 상상도 못 했다.,당황,2
향에 집중하다가 말문이 막혔다.,당황,2
자신 있게 뿌린 향인데 반응이 없어서 혼란스러웠다.,당황,2
나도 모르게 한 발 물러서게 만들었다.,당황,2
처음 뿌릴 땐 몰랐는데 점점 당황스러워졌다.,당황,2
사람들 표정을 살피게 만들었다.,당황,2
내가 맡은 향이 아닌 것처럼 낯설었다.,당황,2
모두 조용한데 향만 부각되는 느낌이었다.,당황,2
"이 향이 나인지, 공간인지 구분이 안 됐다.",당황,2
조용한 공간에 너무 부각되는 향이었다.,당황,2
누군가 코를 막는 모습이 눈에 들어왔다.,당황,2
혼자 튀는 느낌에 괜히 민망했다.,당황,2
향이 감정을 과장한 것처럼 느껴졌다.,당황,2
바람 한 줄기에 향이 강하게 퍼졌다.,당황,2
이 상황에서 이 향은 너무 무리였다.,당황,2
코끝이 너무 예민해져 반응이 걱정됐다.,당황,2
익숙한 향인데 오늘따라 어색했다.,당황,2
잔향이 너무 오래 남아 뒤늦게 당황스러웠다.,당황,2
마음의 준비 없이 향이 너무 빠르게 퍼졌다.,당황,2
주변 반응이 없자 더 당황스러웠다.,당황,2
다른 사람과 향이 섞여 더 혼란스러웠다.,당황,2
이 향이 나를 설명하는 게 아닌 것 같았다.,당황,2
향을 맡는 순간 모든 대화가 멈춘 기분이었다.,당황,2
지나치게 화려한 향이 상황을 어색하게 만들었다.,당황,2
익숙한 장소에서 갑자기 퍼진 향이 당황스러웠다.,당황,2
이 향이 내 실수를 들킨 것처럼 느껴졌다.,당황,2
모두가 나를 보는 듯한 기분이 들어 움찔했다.,당황,2
상대방의 표정이 변하는 걸 보고 향이 문제였나 싶었다.,당황,2
문을 열자마자 퍼진 향에 순간 멈칫했다.,당황,2
누가 뭐라 하지 않아도 위축됐다.,당황,2
기분 전환하려 뿌린 향이 도리어 역효과였다.,당황,2
향이 의도한 감정보다 훨씬 도드라졌다.,당황,2
엘리베이터 안 공기가 정지된 느낌이었다.,당황,2
지나가던 사람이 코를 막는 걸 보고 움찔했다.,당황,2
내가 맡던 향과 달라서 당황했다.,당황,2
바람을 타고 향이 너무 빠르게 번져 당황스러웠다.,당황,2
내가 맡기에도 너무 센 향이라 놀랐다.,당황,2
밖에서는 괜찮았는데 실내에선 너무 강하게 느껴졌다.,당황,2
예정에 없던 향이 공간을 지배해 민망했다.,당황,2
누군가 코를 찡그리는 순간 괜히 나 때문인가 싶었다.,당황,2
향이 너무 갑작스러워서 순간적으로 눈을 감았다.,당황,2
처음 시도한 향이라 더 긴장됐다.,당황,2
향이 내 의도와는 다르게 전해진 것 같았다.,당황,2
향이 퍼지자마자 주변 분위기가 얼어붙는 느낌이었다.,당황,2
방금 뿌린 향이 너무 튀어서 민망했다.,당황,2
계단을 오르다 퍼진 향에 스스로 놀랐다.,당황,2
처음 시도한 향인데 지나치게 강렬했다.,당황,2
코끝이 찌릿하게 반응할 만큼 강한 향이었다.,당황,2
향 때문에 괜히 주변을 신경 쓰게 됐다.,당황,2
처음 맡은 순간 예상과 전혀 달랐다.,당황,2
향이 너무 진해져서 나조차 당황스러웠다.,당황,2
방 안을 가득 채운 향에 숨이 막혔다.,당황,2
내가 뿌린 향 때문에 주변이 정적에 휩싸였다.,당황,2
회의 직전 퍼진 향이 긴장을 더했다.,당황,2
향의 방향이 이상하게 퍼져 걱정됐다.,당황,2
방금 지나친 사람의 향이 너무 진해 당황했다.,당황,2
내가 아닌데 다들 나를 쳐다보는 것 같았다.,당황,2
나조차 익숙하지 않은 향이라 어색했다.,당황,2
향수의 첫 노트가 너무 공격적이었다.,당황,2
잔향이 의외로 무겁게 느껴졌다.,당황,2
누군가 코를 문지르자 괜히 불안해졌다.,당황,2
분위기와 너무 다른 향이라 튄 느낌이었다.,당황,2
실내에 들어서자 향이 벽에 부딪히는 듯했다.,당황,2
뭔가 잘못된 느낌이 향기에서 퍼져 나왔다.,당황,2
잔향이 남아있는 게 불안하게 느껴졌다.,당황,2
내가 뿌린 향이 이렇게 강할 줄 몰랐다.,당황,2
나도 모르게 인상을 찌푸렸던 순간이었다.,당황,2
사람들 표정이 하나같이 어색해 보였다.,당황,2
코끝을 찌르는 향에 반응이 부담스러웠다.,당황,2
누군가 고개를 돌려서 불안해졌다.,당황,2
향이 분위기랑 너무 달라 겉도는 기분이었다.,당황,2
내가 뿌린 향이 아닐까 눈치를 봤다.,당황,2
생각보다 반응이 없어 허탈했다.,당황,2
이 향이 날 드러내는 느낌이라 불편했다.,당황,2
잔향이 옷에 너무 오래 남아 걱정됐다.,당황,2
친구가 놀란 눈치를 줘서 당황했다.,당황,2
향이 지나치게 달콤해서 머쓱했다.,당황,2
모두가 조용한데 나만 향기나는 것 같아 불안했다.,당황,2
회의실에서 이 향은 너무 튀는 느낌이었다.,당황,2
향이 공간 전체를 지배해서 민망했다.,당황,2
누군가 향수를 물어보자 답하기가 머뭇거려졌다.,당황,2
생각보다 진한 향에 말문이 막혔다.,당황,2
다들 나를 피해 가는 것 같아 움츠러들었다.,당황,2
향이 너무 과해서 숨이 턱 막혔다.,당황,2
향에 대한 확신이 사라졌다.,당황,2
처음 맡는 향인데 너무 생소했다.,당황,2
이 향이 나라고 생각될까 걱정됐다.,당황,2
말하려던 순간 향이 퍼져서 긴장됐다.,당황,2
사람 많은 엘리베이터에서 향이 유독 강했다.,당황,2
이 향이 오늘 일정에 맞지 않아 불편했다.,당황,2
방금 전까지 괜찮았는데 향이 바뀌자 어색해졌다.,당황,2
향이 의도보다 감정을 과하게 표현했다.,당황,2
다들 조용한데 향만 퍼지는 게 민망했다.,당황,2
이 향을 뿌린 걸 후회했다.,당황,2
향과 옷차림이 너무 따로 노는 기분이었다.,당황,2
누가 킁킁대는 걸 듣고 위축됐다.,당황,2
향이 튀어나온 듯 강해서 깜짝 놀랐다.,당황,2
잔향이 머물며 대화에 집중이 안 됐다.,당황,2
실내에서는 이 향이 너무 무겁게 퍼졌다.,당황,2
내가 맡기에도 향이 너무 과했다.,당황,2
누군가가 코를 만지작거리는 게 신경 쓰였다.,당황,2
향이 내 감정을 다 드러내는 것 같았다.,당황,2
이 향이 나를 설명해주는 것 같아 불편했다.,당황,2
향이 무거워서 분위기가 갑자기 정적이 됐다.,당황,2
이 향이 이렇게 튈 줄 몰랐다.,당황,2
향 때문에 어색한 분위기가 더 어색해졌다.,당황,2
사람들이 나를 쳐다보는 것 같아 당황했다.,당황,2
향이 너무 진해 주변 반응이 신경 쓰였다.,당황,2
처음 맡는 향이라 어찌할 바를 몰랐다.,당황,2
의도치 않은 강한 향에 민망함이 밀려왔다.,당황,2
누군가 킁킁대는 소리에 신경이 곤두섰다.,당황,2
무심코 뿌렸는데 향이 예상보다 세서 당황했다.,당황,2
코 끝이 찡해지는 향에 깜짝 놀랐다.,당황,2
이럴 줄 알았으면 향수를 안 뿌리는 건데 싶었다.,당황,2
친구가 이상하다고 해서 그제야 심각함을 느꼈다.,당황,2
엘리베이터 안에서 향이 너무 퍼져서 눈치 보였다.,당황,2
내가 아닌 누군가의 향인데 괜히 내가 민망해졌다.,당황,2
누군가 향을 지적하자 얼굴이 화끈거렸다.,당황,2
예상과 다른 향이라 말문이 막혔다.,당황,2
사람 많은 곳에서 향이 너무 도드라져서 부끄러웠다.,당황,2
방금 뿌린 향이 갑자기 낯설게 느껴졌다.,당황,2
향이 너무 튀어서 내가 잘못 뿌렸나 싶었다.,당황,2
향과 상황이 너무 안 어울려서 혼란스러웠다.,당황,2
이 향은 상황과 너무 안 어울려서 어리둥절했다.,당황,2
순간적으로 강하게 들어온 향에 걸음을 멈췄다.,당황,2
사람들 반응이 어색해서 고개를 숙였다.,당황,2
이 상황에 이 향은 아니었나 싶었다.,당황,2
나도 모르게 향이 너무 많이 뿌려졌다.,당황,2
의도하지 않은 조합의 향이 나를 당황하게 했다.,당황,2
처음 뿌려본 향이라 괜히 조심스러웠다.,당황,2
향이 너무 진해서 다들 눈치를 주는 것 같았다.,당황,2
향이 퍼진 공간에서 나만 튄다는 생각이 들었다.,당황,2
기대했던 향과 너무 달라 실망스러웠다.,당황,2
친구가 갑자기 웃어서 내가 이상한가 싶었다.,당황,2
모르는 향인데 너무 강해서 순간 멈춰섰다.,당황,2
향이 갑자기 확 들어와서 순간 멍해졌다.,당황,2
향이 퍼지자마자 시선이 집중되는 느낌에 당황했다.,당황,2
알 수 없는 냄새에 주변을 두리번거리게 됐다.,당황,2
어디서 나는지도 모를 향에 당황스러웠다.,당황,2
익숙하지 않은 향이 코를 찌르며 집중이 깨졌다.,당황,2
잔향이 너무 오래 남아 민망했다.,당황,2
나를 위한 공간이 향 하나로 낯설어졌다.,분노,3
향이 내 감정선 위를 짓밟는 느낌이었다.,분노,3
향으로 감정을 표현하려 했지만 이건 선을 넘었다.,분노,3
냄새 하나로 이렇게까지 기분이 나쁠 줄 몰랐다.,분노,3
불편한 감정을 향이 더 부각시켰다.,분노,3
내 감정을 긁는 듯한 향이었다.,분노,3
짙은 향에 대화조차 집중하기 어려웠다.,분노,3
화가 가라앉기도 전에 향이 다시 자극했다.,분노,3
고요한 분위기를 깨는 강한 향이었다.,분노,3
이 공간에서 벗어나고 싶게 만드는 향이었다.,분노,3
이 향은 단순히 나와 맞지 않는 걸 넘어서 불쾌했다.,분노,3
사람이 많은 곳에서 이런 향은 너무 이기적이다.,분노,3
진심으로 이 향이 싫다고 느껴졌다.,분노,3
이 향은 내 감정을 자극하는 트리거였다.,분노,3
이건 향이 아니라 공격 같았다.,분노,3
왜 이런 향을 골랐을까 이해할 수 없었다.,분노,3
이건 나를 배려하지 않은 향이었다.,분노,3
코를 찌르는 향에 짜증이 올라왔다.,분노,3
"화가 나려던 찰나, 이 향이 기름을 부었다.",분노,3
향과 함께 기분까지 나빠졌다.,분노,3
이 향을 맡자 순간적으로 인상이 굳어졌다.,분노,3
어디서든 이 향은 나를 피곤하게 만든다.,분노,3
이건 취향의 문제가 아니라 예의의 문제였다.,분노,3
감정을 무시한 향이 실망스럽기만 했다.,분노,3
방 안에 가득한 향이 도저히 견딜 수 없었다.,분노,3
평온하던 마음이 단숨에 뒤흔들렸다.,분노,3
이 향은 분노를 가라앉히기는커녕 더 끌어올렸다.,분노,3
마음이 불편한 이유가 향기일 줄은 몰랐다.,분노,3
정신을 차릴 수 없을 정도로 자극적이었다.,분노,3
이건 향기가 아니라 불쾌한 냄새였다.,분노,3
분명히 좋은 날이었는데 이 향 때문에 망쳤다.,분노,3
공감 없는 향 사용에 실망스러웠다.,분노,3
이 향은 기억하고 싶지 않은 감정을 떠올리게 했다.,분노,3
머릿속이 향으로 가득 차 답답했다.,분노,3
향이 날카롭게 마음을 긁었다.,분노,3
머리가 아파오는 듯한 강한 향이었다.,분노,3
이 향은 내 하루를 짜증으로 물들였다.,분노,3
잔향이 너무 오래 남아 신경을 긁었다.,분노,3
익숙하지 않아 더 거슬리는 향이었다.,분노,3
"무심한 향이 아닌, 공격적인 향이었다.",분노,3
마주앉은 사람의 향이 너무 자극적이었다.,분노,3
강한 향기 하나로 감정선이 무너졌다.,분노,3
괜히 괜찮았던 기분까지 망가졌다.,분노,3
분위기에 맞지 않는 향이 모든 걸 망쳤다.,분노,3
단순한 향인데 유난히 신경이 거슬렸다.,분노,3
짜증이 향을 타고 번져나가는 기분이었다.,분노,3
냄새가 감정까지 끌어내리는 느낌이었다.,분노,3
이 향은 누가 뿌렸는지 묻고 싶을 정도였다.,분노,3
잔향이 오래 남아 기분이 쉽게 풀리지 않았다.,분노,3
불편한 자리에 향까지 더해져 화가 났다.,분노,3
아무렇지 않게 퍼지는 향이 너무 불쾌했다.,분노,3
향수 하나 때문에 하루가 엉망이 됐다.,분노,3
"그냥 불쾌한 향이었다, 그 이상도 이하도 아니다.",분노,3
상황을 고려하지 않은 향이 답답했다.,분노,3
이 향은 나를 위한 게 아니라는 생각이 들었다.,분노,3
향으로 인해 마음이 복잡해졌다.,분노,3
지독한 향에 말수가 줄어들었다.,분노,3
의도치 않게 맡은 향이 불쾌함을 안겨줬다.,분노,3
지나가던 순간에도 향이 나를 따라붙는 것 같았다.,분노,3
이 향은 상황을 더 불편하게 만들었다.,분노,3
코끝을 찌르는 향에 마음이 날카로워졌다.,분노,3
감정을 가라앉히려 해도 향 때문에 더 예민해졌다.,분노,3
이런 향은 배려 없이 뿌린 것 같아 화가 났다.,분노,3
향이 주변 공기를 장악해서 숨이 턱 막혔다.,분노,3
향 하나로 공간 전체가 불편해졌다.,분노,3
왜 굳이 이렇게 센 향을 선택했을까 짜증이 났다.,분노,3
지나치게 진한 향에 얼굴을 찌푸리게 됐다.,분노,3
이 향은 나를 화나게 만들 준비가 돼 있었다.,분노,3
냄새가 너무 심해 회피하고 싶었다.,분노,3
이 향 하나로 다 망친 기분이었다.,분노,3
잊고 있던 짜증을 다시 떠올리게 했다.,분노,3
자극적인 향에 감정이 들끓었다.,분노,3
향에 휩싸여 숨 쉬기조차 불편했다.,분노,3
향이 너무 독해서 고개를 돌릴 수밖에 없었다.,분노,3
화가 나 있는 상태에 기름을 붓는 향이었다.,분노,3
공기 중에 남은 잔향이 짜증을 유발했다.,분노,3
참으려 해도 향이 계속 짜증을 유발했다.,분노,3
무거운 향이 숨을 쉬기조차 답답하게 만들었다.,분노,3
이 향은 너무 공격적이고 무례했다.,분노,3
누군가의 향 때문에 나까지 예민해졌다.,분노,3
답답한 공간에서 이 향은 폭발 직전처럼 느껴졌다.,분노,3
기분 전환이 아니라 기분 망치는 향이었다.,분노,3
한 번 맡고 나니 계속 신경이 쓰였다.,분노,3
향이 나를 조롱하는 듯한 기분이었다.,분노,3
향 때문에 중요한 대화에 집중할 수 없었다.,분노,3
강한 향기 때문에 다른 사람에게 짜증을 냈다.,분노,3
사소한 일에도 이 향이 화를 더 키웠다.,분노,3
이 향은 나를 자극하기 위해 만들어진 것 같았다.,분노,3
지나치게 진한 향이 모든 대화를 망쳤다.,분노,3
이 향을 맡고 난 뒤 표정 관리가 안 됐다.,분노,3
나를 무시하는 듯한 향이었다.,분노,3
냄새 하나로 이렇게 기분 나빠질 줄 몰랐다.,분노,3
향이 주변 공기까지 무겁게 만들었다.,분노,3
순간적으로 감정이 폭발하게 만든 향이었다.,분노,3
지나가던 사람 향에 갑자기 짜증이 확 났다.,분노,3
무의식 중에 이 향이 싫다고 느꼈다.,분노,3
향 하나로 기분이 완전히 망가졌다.,분노,3
머리가 울릴 정도로 강한 향이 불쾌했다.,분노,3
이 향을 맡고 나서 하루가 엉망이 됐다.,분노,3
뭔가 눅눅하고 불쾌한 향기에 짜증이 솟구쳤다.,분노,3
무례하게 느껴질 만큼 향이 공격적이었다.,분노,3
불편한 자리에서 이 향이 상황을 더 악화시켰다.,분노,3
강한 향이 자꾸 나를 자극해서 머리가 지끈거렸다.,분노,3
이 향은 누가 맡아도 기분 나쁠 수밖에 없다.,분노,3
향이 날아가지도 않아 하루 종일 짜증이 났다.,분노,3
나는 가만히 있었는데 향이 나를 자극했다.,분노,3
"모든 게 힘든 날, 이 향조차도 화나게 만들었다.",분노,3
차라리 아무 냄새도 안 나는 게 낫겠다 싶었다.,분노,3
향이 짙어져 갈수록 나도 점점 화가 났다.,분노,3
감정이 격해질수록 향이 더 거슬리게 느껴졌다.,분노,3
이 향은 위로보단 분노를 부추기는 쪽이었다.,분노,3
도무지 어울리지 않는 향에 더 짜증이 났다.,분노,3
이 향은 마치 나를 비웃는 듯한 느낌이었다.,분노,3
강한 향이 누적된 스트레스를 폭발하게 만들었다.,분노,3
냄새가 너무 강해서 인상을 찌푸릴 수밖에 없었다.,분노,3
공공장소에서 퍼진 향이 예의 없어 보였다.,분노,3
불쾌한 향이 옷에 배어 더 짜증이 났다.,분노,3
향이 감정을 배려하지 않고 밀고 들어왔다.,분노,3
무거운 향이 코끝을 찌르며 머리가 지끈거렸다.,분노,3
강한 냄새가 공기를 지배하자 화가 올라왔다.,분노,3
집중하려는데 향 때문에 머릿속이 복잡해졌다.,분노,3
이 향은 기분 좋은 감정과 거리가 멀었다.,분노,3
이 향은 맡는 순간부터 신경을 긁는 느낌이었다.,분노,3
갑작스레 퍼진 향에 짜증이 확 치밀었다.,분노,3
누가 이 강한 향수를 뿌렸는지 화가 났다.,분노,3
향이 너무 진해서 머리가 아프고 짜증이 났다.,분노,3
이 향은 좋은 기억보다 화나는 일이 먼저 떠오른다.,분노,3
불쾌한 냄새에 하루가 엉망이 된 느낌이었다.,분노,3
마음이 복잡할수록 이 향이 더 거슬렸다.,분노,3
숨 쉴 때마다 향이 너무 신경 쓰였다.,분노,3
가까이 있는 사람의 향에 화가 났다.,분노,3
향의 농도가 지나쳐서 미간이 찌푸려졌다.,분노,3
코를 찌르는 향이 감정을 자극했다.,분노,3
나만 불쾌한 건지 괜히 눈치를 보게 됐다.,분노,3
향 때문에 대화 도중 말을 잊었다.,분노,3
분위기 망치는 이 향 때문에 기분이 상했다.,분노,3
내 감정을 자극하는 향이었다.,분노,3
향이 너무 강해 대화에 자꾸 신경이 쓰였다.,분노,3
이 향은 감정을 건드리는 무언가가 있었다.,분노,3
마음이 복잡한데 향까지 거슬렸다.,분노,3
향이 짙게 남아서 짜증이 가시지 않았다.,분노,3
혼자 있고 싶었는데 향이 방해했다.,분노,3
누군가의 향이 지나치게 강해서 자리에서 일어났다.,분노,3
불쾌한 향이 코끝을 찌르며 감정을 건드렸다.,분노,3
향을 맡는 순간 얼굴이 굳어졌다.,분노,3
화가 안 나려 해도 향이 자꾸 거슬렸다.,분노,3
무심코 스친 향기에 괜히 예민해졌다.,분노,3
진한 향이 몸에 배어서 하루 종일 불쾌했다.,분노,3
강한 향이 생각보다 오래 남아 더 불쾌했다.,분노,3
내 기분을 망치기에 충분한 향이었다.,분노,3
그날의 말이 향처럼 다시 퍼져나갔다.,상처,4
무심히 맡은 향이 마음을 건드렸다.,상처,4
차마 잊지 못한 기억이 향에 얽혀 있었다.,상처,4
이 향은 나를 아프게 했던 순간들을 끌어냈다.,상처,4
향이 스쳤을 뿐인데 눈가가 시큰해졌다.,상처,4
오늘 따라 이 향이 유난히 아프게 느껴졌다.,상처,4
그날 울지 못했던 감정이 향과 함께 터졌다.,상처,4
향기가 잠든 상처를 깨워버렸다.,상처,4
스쳐간 향 하나가 오래 남은 상처를 건드렸다.,상처,4
아무 말도 없는 향이 더 크게 울렸다.,상처,4
마음속 응어리가 향과 함께 녹아내렸다.,상처,4
잊고 지냈던 슬픔이 향기 속에 잠들어 있었다.,상처,4
그 사람의 존재를 향이 대신 말해줬다.,상처,4
말없이 퍼진 향이 눈물보다 더 아팠다.,상처,4
조용히 번지는 향이 마음을 갈라놓았다.,상처,4
이 향을 맡고 있자니 감정이 뒤엉켰다.,상처,4
그 사람의 이름이 향기에 묻어 있었다.,상처,4
이 향은 마음속 상처를 다시 긁어냈다.,상처,4
언제부턴가 이 향은 아픈 기억을 먼저 떠오르게 했다.,상처,4
무너지기 직전의 마음에 향이 스며들었다.,상처,4
이 향을 맡는 순간 모든 게 다시 아프게 시작됐다.,상처,4
잠시 퍼진 향기가 오래된 상처를 흔들었다.,상처,4
향은 조용했지만 감정은 소란스러웠다.,상처,4
익숙한 향에서 낯선 외로움이 피어났다.,상처,4
마음속 어딘가가 향기 하나에 조용히 울었다.,상처,4
이 향은 내 안에 남은 상처를 비춰주는 거울 같았다.,상처,4
그저 향기인데도 마음이 떨렸다.,상처,4
시간이 지나도 향만큼은 아픔을 잊지 않았다.,상처,4
이 향은 사랑이 아니라 후회로 가득했다.,상처,4
이 향은 애써 지운 감정을 다시 불러왔다.,상처,4
다정했던 순간이 향기와 함께 칼날이 되어 돌아왔다.,상처,4
이 향은 위로보다 더 깊은 상처였다.,상처,4
지금 이 향이 아니었다면 울지 않았을 텐데.,상처,4
마음의 빈틈을 향이 아프게 채워나갔다.,상처,4
향기를 따라 흘러간 기억이 눈시울을 적셨다.,상처,4
다시는 맡고 싶지 않았던 향이 다시 돌아왔다.,상처,4
조용히 번지는 향이 마음을 짓눌렀다.,상처,4
이 향은 결국 나를 다시 부서지게 만들었다.,상처,4
그날의 향기와 너무 닮아 피할 수 없었다.,상처,4
향이 지나가고 난 후엔 아픔만 남았다.,상처,4
향이 스며든 공간은 다시 그날로 바뀌었다.,상처,4
조용한 공간에 퍼진 향이 아픔을 더했다.,상처,4
지나간 사랑이 향기에 실려 날아왔다.,상처,4
"눈 감는 순간, 향과 함께 상처가 떠올랐다.",상처,4
조금씩 번지는 향이 상처를 들춰냈다.,상처,4
의식하지 않아도 향이 감정을 이끌었다.,상처,4
가볍게 지나간 향이 너무 무겁게 느껴졌다.,상처,4
숨을 들이쉴 때마다 눈물이 맺혔다.,상처,4
마음에 박힌 말이 향기와 함께 되살아났다.,상처,4
이 향은 위로가 아니라 경고처럼 다가왔다.,상처,4
감정의 파도가 향기에 휩쓸렸다.,상처,4
머물러 있던 향이 기억을 흔들었다.,상처,4
향이 나를 감싸 안는 듯 아프게 했다.,상처,4
고요한 공기 속 향이 상처를 들춰냈다.,상처,4
오늘따라 향이 유난히 날카롭게 느껴졌다.,상처,4
가슴속 깊은 곳이 향에 스며들며 찢어졌다.,상처,4
이 향은 다시는 닿고 싶지 않은 기억이었다.,상처,4
잔잔한 향이지만 감정은 격했다.,상처,4
이 향은 무언의 이별처럼 다가왔다.,상처,4
향을 따라 아픔이 함께 퍼졌다.,상처,4
향기가 감정을 덮어주기보단 꺼내놓았다.,상처,4
눈물 대신 향이 감정을 대변해주었다.,상처,4
그 향은 미처 닫지 못한 감정의 문을 열었다.,상처,4
이 향은 나를 다시 그 시간으로 데려갔다.,상처,4
그날의 침묵이 향에 실려 돌아왔다.,상처,4
다시 꺼내고 싶지 않은 기억이 향에 묻어났다.,상처,4
지나간 감정이 향에 녹아 스며들었다.,상처,4
익숙했던 향이 이제는 아픈 기억이 되었다.,상처,4
어느새 향에 눈물이 섞여 흘러내렸다.,상처,4
이 향은 다시는 돌아갈 수 없음을 알려줬다.,상처,4
추억은 향과 함께 날카롭게 다가왔다.,상처,4
감정의 파편이 향기에 실려 퍼졌다.,상처,4
향을 따라 흐른 감정이 가슴을 찔렀다.,상처,4
말하지 못한 마음이 향으로 번졌다.,상처,4
기억 속 깊이 묻었던 상처가 떠올랐다.,상처,4
이 향은 차갑고 날카로운 감정 그 자체였다.,상처,4
향 하나로 가슴이 다시 저며왔다.,상처,4
그날의 냄새와 똑같아 울컥했다.,상처,4
향이 날아가지 않아 감정도 떠나지 못했다.,상처,4
마음속 깊이 남은 말이 향과 겹쳤다.,상처,4
눈치채지 못한 상처가 향을 만나 아팠다.,상처,4
혼자 있던 날 이 향은 더 아프게 다가왔다.,상처,4
무거운 향이 감정의 문을 열어젖혔다.,상처,4
그 사람의 향이라 생각하니 가슴이 저렸다.,상처,4
향이 잔잔히 퍼지며 슬픔을 깨웠다.,상처,4
그 사람의 흔적이 향으로 돌아온 것 같았다.,상처,4
향기조차 나를 위로하지 못했다.,상처,4
향은 그대로인데 나는 상처만 남았다.,상처,4
잠시 머문 향이 모든 감정을 휘저어 놓았다.,상처,4
어느 순간부터 이 향이 눈물을 부른다.,상처,4
향을 맡는 순간 그날의 대화가 생생히 떠올랐다.,상처,4
잊으려던 기억이 향을 타고 되살아났다.,상처,4
익숙한 향인데도 오늘은 마음을 더 아프게 한다.,상처,4
이 향을 맡는 게 이렇게 아픈 일이 될 줄 몰랐다.,상처,4
마치 잊지 말라고 향이 속삭이는 듯했다.,상처,4
다정했던 사람이 떠난 후 이 향도 날카롭게 변했다.,상처,4
버스 안에서 이 향을 맡고 눈물이 났다.,상처,4
그날 내가 들었던 말들이 향과 겹쳐 떠올랐다.,상처,4
이 향은 위로가 아닌 날 선 기억으로만 남았다.,상처,4
마음에 새겨진 상처가 향에 스며든 것 같았다.,상처,4
문득 이 향이 그 사람의 마지막 말처럼 느껴졌다.,상처,4
가벼운 향인데 왜 이렇게 마음이 무거울까.,상처,4
마주하고 싶지 않던 감정이 향과 함께 밀려왔다.,상처,4
이 향은 다시 행복해질 수 없다는 걸 알려주는 듯했다.,상처,4
향이 공기 중에 퍼질수록 내 마음도 조각났다.,상처,4
멍하니 앉아 향을 맡고 있으니 마음이 무너졌다.,상처,4
그날 이후 이 향은 나에게 슬픔 그 자체다.,상처,4
이 향을 좋아했던 그 사람 생각에 눈시울이 붉어졌다.,상처,4
마음 한 구석에 박힌 말이 향과 함께 되살아났다.,상처,4
다시 맡은 이 향은 이제 아픈 기억만 안겨준다.,상처,4
향을 들이마시자 마음 속 깊은 곳이 저릿해졌다.,상처,4
아무렇지 않은 척했지만 향이 감정을 자극했다.,상처,4
이 향은 다정함보단 외면당했던 순간을 떠올리게 한다.,상처,4
예전 그날의 말들이 향과 함께 떠올라 아팠다.,상처,4
"조용한 방 안, 잔잔한 향이 오히려 상처를 도드라지게 했다.",상처,4
향을 맡는 순간 떠오른 기억이 마음을 후벼팠다.,상처,4
잊은 줄 알았던 그날의 대화가 향과 함께 떠올랐다.,상처,4
평소엔 괜찮은데 오늘따라 향이 괜히 아프게 다가왔다.,상처,4
향에 스친 바람조차 차갑게 느껴졌다.,상처,4
혼자 있는 이 공간에 남겨진 향이 너무 쓸쓸했다.,상처,4
지워지지 않는 상처가 향기와 함께 아려왔다.,상처,4
이 향은 따뜻하지도 차갑지도 않은 채 날카로웠다.,상처,4
혼자 남겨졌던 그날이 향에 스며든 듯했다.,상처,4
향을 들이쉴 때마다 가슴이 먹먹해졌다.,상처,4
희미한 향이지만 감정은 선명하게 아팠다.,상처,4
나를 떠난 이의 흔적이 향에 섞여 있었다.,상처,4
"조용한 순간, 향과 함께 마음이 뭉개졌다.",상처,4
이 향은 잊으려 했던 기억을 자꾸만 꺼내보게 한다.,상처,4
무심코 스친 향이 다시 상처를 헤집었다.,상처,4
그때 그 장면이 향과 함께 또렷하게 되살아났다.,상처,4
익숙한 냄새인데도 오늘은 더 아프게 느껴졌다.,상처,4
차가운 향이 지나가자 마음이 쓸렸다.,상처,4
"향이 닿는 순간, 오래된 아픔이 다시 일어났다.",상처,4
향이 퍼지자 그 사람의 마지막 눈빛이 떠올랐다.,상처,4
기억 속 목소리가 향기와 함께 속삭였다.,상처,4
향기가 번질수록 감정의 균열이 깊어졌다.,상처,4
이 향은 마치 미안하다는 말처럼 들렸다.,상처,4
향을 들이마신 순간 마음속 벽이 무너졌다.,상처,4
기억 속 그 순간으로 데려다주는 향이었다.,상처,4
향이 사라져도 감정은 그대로 남았다.,상처,4
슬픔이 묻어있는 향이라 더 외면하게 된다.,상처,4
이 향은 다정했던 기억보다 상처를 더 남긴다.,상처,4
그때의 말투와 표정이 향과 함께 떠올랐다.,상처,4
내가 아닌 그 사람을 더 떠올리게 만드는 향.,상처,4
단순한 향조차 나에겐 감정의 잔재였다.,상처,4
계절이 바뀌어도 이 향만은 그대로 아프다.,상처,4
향에 스민 기억이 다시 가슴을 조여온다.,상처,4
상처를 꿰맨 듯했던 마음이 다시 벌어졌다.,상처,4
괜찮은 줄 알았는데 향 하나에 무너졌다.,상처,4
무심코 맡은 향이 나를 휘청이게 했다.,상처,4
이 향은 결국 나를 다시 아프게 만들었다.,상처,4
창밖을 바라보며 스며든 향이 왠지 모르게 외로웠다.,슬픔,5
이 향은 마치 끝나버린 계절처럼 스쳐갔다.,슬픔,5
슬픔을 조용히 안겨주는 향이었다.,슬픔,5
오늘은 이 향조차도 눈물 나게 느껴졌다.,슬픔,5
맑은 날씨와는 달리 향이 마음을 흐리게 했다.,슬픔,5
사람들 사이에 있어도 향이 고독하게 만들었다.,슬픔,5
감춰둔 감정이 향과 함께 표면 위로 떠올랐다.,슬픔,5
모든 게 괜찮은 듯해도 향이 아프게 만들었다.,슬픔,5
차마 꺼내지 못한 말들이 향에 실려 왔다.,슬픔,5
이 향은 끝맺지 못한 이야기를 떠올리게 한다.,슬픔,5
서늘한 바람과 함께 스며든 향이 마음을 울렸다.,슬픔,5
하루를 마무리할 때마다 이 향이 떠올랐다.,슬픔,5
지나간 시간들이 향에 녹아 있었다.,슬픔,5
지워졌다고 믿었던 기억이 향과 함께 떠올랐다.,슬픔,5
향기 속에 그리움이 짙게 남아 있었다.,슬픔,5
무심코 맡은 향에 마음이 잠기듯 가라앉았다.,슬픔,5
이 향이 어쩐지 작별의 냄새처럼 느껴졌다.,슬픔,5
햇살 아래서도 향 하나로 슬픔이 번졌다.,슬픔,5
"마음이 텅 빈 날, 이 향은 더욱 공허하게 다가왔다.",슬픔,5
차가운 향기였지만 이상하게 따뜻한 기억이 떠올랐다.,슬픔,5
불 꺼진 방에서 혼자 향을 맡고 있으니 눈물이 났다.,슬픔,5
말없이 퍼진 향이 모든 말보다 크게 느껴졌다.,슬픔,5
언젠가 들었던 향과 닮아 더 슬펐다.,슬픔,5
이 향은 사라진 누군가를 그리게 만든다.,슬픔,5
그저 스쳐간 향인데 마음이 무너졌다.,슬픔,5
너무 조용한 향이 오히려 감정을 건드렸다.,슬픔,5
잠깐의 향에도 감정이 요동쳤다.,슬픔,5
이 향은 웃음보단 눈물이 먼저 떠오르게 했다.,슬픔,5
눈을 감으니 향과 함께 떠난 사람이 떠올랐다.,슬픔,5
아무렇지 않던 순간에 향이 마음을 흔들었다.,슬픔,5
향기를 따라 걷다 눈물이 핑 돌았다.,슬픔,5
멀어진 이름이 떠오르는 향이었다.,슬픔,5
"그리움이 쌓여가는 날, 이 향은 더욱 짙게 다가왔다.",슬픔,5
익숙했던 향조차 오늘은 낯설게만 느껴졌다.,슬픔,5
이 향은 마치 추억을 되짚는 소리 같았다.,슬픔,5
예쁜 향인데 오늘은 왜 이렇게 슬프게 다가올까.,슬픔,5
우연히 맡은 향이 이렇게 슬픈 줄은 몰랐다.,슬픔,5
이 향은 다시 오지 않을 시간을 떠올리게 한다.,슬픔,5
"향이 퍼지는 순간, 마음 한구석이 저릿했다.",슬픔,5
"하루가 고단했던 날, 향도 함께 지쳐 있는 듯했다.",슬픔,5
"익숙한 향인데, 왜 이렇게 낯설게 느껴질까.",슬픔,5
이 향을 맡으면 항상 그리운 얼굴이 떠오른다.,슬픔,5
좋아하던 향이 오늘은 눈물 나게 아팠다.,슬픔,5
"조용한 밤, 향이 가슴을 먹먹하게 만들었다.",슬픔,5
혼자 남은 방에 퍼진 향이 고요한 슬픔을 안겨줬다.,슬픔,5
마음속 깊은 곳을 콕 찌르는 향이었다.,슬픔,5
흘러가는 음악처럼 이 향도 덧없게 느껴졌다.,슬픔,5
"괜히 울컥한 날, 향도 나를 울게 만들었다.",슬픔,5
이 향은 즐겁기보단 마음을 더 허전하게 만든다.,슬픔,5
"기대했던 하루였지만, 향조차 위로가 되지 않았다.",슬픔,5
방 안 가득 퍼진 향이 외로움을 감싸주지 못했다.,슬픔,5
비 내리는 창밖을 바라보며 향을 맡으니 마음이 무거워졌다.,슬픔,5
가슴 깊이 남은 후회가 향과 함께 되살아났다.,슬픔,5
향 하나로도 마음이 이렇게 저려올 수 있다니.,슬픔,5
어느새 두 눈에 눈물이 고였다. 향 때문일까.,슬픔,5
다 지나간 이야기지만 향이 다시 꺼내보게 만들었다.,슬픔,5
향을 따라 오래전 그 장소가 그려졌다.,슬픔,5
희미한 향 속에 깊이 묻힌 감정이 되살아났다.,슬픔,5
떠난 사람을 떠올리게 하는 향이었다.,슬픔,5
"편지를 읽는 듯한 향이었다, 감정이 북받쳤다.",슬픔,5
잊고 싶었던 장면이 향기와 함께 밀려왔다.,슬픔,5
과거의 나를 마주한 듯한 향이었다.,슬픔,5
지금 이 순간의 향이 이별을 떠올리게 했다.,슬픔,5
밤하늘처럼 쓸쓸한 향이 마음을 물들였다.,슬픔,5
오래도록 잊었던 기억이 향과 함께 되살아났다.,슬픔,5
문득 스친 향에 오래된 감정이 터져 나왔다.,슬픔,5
텅 빈 방 안에 향만 남아 여운이 오래 갔다.,슬픔,5
"슬픔이 차오르던 그 순간, 향이 배경음악처럼 흘렀다.",슬픔,5
마음속 깊은 구석이 향에 젖어 무너지는 기분이었다.,슬픔,5
이 향은 끝나버린 이야기의 마지막 장면 같았다.,슬픔,5
소중했던 기억들이 향에 스며 나를 울게 했다.,슬픔,5
오늘따라 향이 너무 조용하게 느껴졌다.,슬픔,5
고요한 공간에 향이 감정을 더 크게 울렸다.,슬픔,5
지나가는 바람에 실려온 향이 눈시울을 붉혔다.,슬픔,5
기억 속 목소리가 향과 함께 되살아났다.,슬픔,5
짧게 스친 향조차 마음에 오래 남았다.,슬픔,5
이 향은 슬픔이라는 감정을 닮았다.,슬픔,5
"고요한 방 안, 향만이 나를 감쌌다.",슬픔,5
소리 없이 퍼지는 향이 울컥하게 했다.,슬픔,5
기억하고 싶지 않았던 순간이 떠올랐다.,슬픔,5
기대 없이 맡은 향이 너무 슬펐다.,슬픔,5
내 마음속 구석에 있던 감정이 깨어났다.,슬픔,5
다정했던 기억이 향에 묻어 있었다.,슬픔,5
이 향을 맡으면 늘 마음이 무거워진다.,슬픔,5
그리움이 향으로 전해지는 날이었다.,슬픔,5
조용히 다가온 향에 마음이 흔들렸다.,슬픔,5
창문 너머 들어온 향이 괜히 아프게 느껴졌다.,슬픔,5
향기가 공허함을 더 짙게 만들었다.,슬픔,5
좋았던 기억이 향과 함께 사무치게 떠올랐다.,슬픔,5
"마음이 텅 빈 듯한 기분, 향도 그랬다.",슬픔,5
한참을 멍하니 향에 취해 있었다.,슬픔,5
"불 꺼진 방, 향이 마음을 더 어둡게 했다.",슬픔,5
울고 싶지 않았는데 향이 날 무너뜨렸다.,슬픔,5
이 향은 다시는 돌아갈 수 없는 날들을 기억하게 했다.,슬픔,5
지나간 계절이 향기로 돌아왔다.,슬픔,5
웃으며 뿌렸지만 마음은 울고 있었다.,슬픔,5
그 사람의 흔적처럼 향이 오래 남았다.,슬픔,5
향기로운데 마음은 무너졌다.,슬픔,5
기억을 더듬는 손길처럼 향이 퍼졌다.,슬픔,5
익숙한 향인데 다시는 맡고 싶지 않았다.,슬픔,5
이 향은 말하지 않아도 마음을 읽는다.,슬픔,5
감정이란 게 이렇게 쉽게 드러날 줄은 몰랐다.,슬픔,5
향과 함께 흘러가는 추억이 아팠다.,슬픔,5
아무 말 없이 위로 대신 흘러온 향이었다.,슬픔,5
향이 번질수록 감정도 깊어졌다.,슬픔,5
조용한 음악처럼 향도 잔잔히 퍼졌다.,슬픔,5
"무거운 공기 속, 향이 감정을 깨웠다.",슬픔,5
이 향을 맡는 것만으로도 슬퍼졌다.,슬픔,5
"혼자 걷는 길, 향이 곁을 지켰다.",슬픔,5
향 하나에 가슴이 먹먹해졌다.,슬픔,5
"눈물이 나기 전, 먼저 향이 말을 걸었다.",슬픔,5
잠든 감정을 이 향이 조용히 깨웠다.,슬픔,5
누군가의 빈자리를 이 향이 알려줬다.,슬픔,5
"쓸쓸한 저녁, 향이 모든 걸 말해주는 듯했다.",슬픔,5
그저 스쳤을 뿐인데 마음이 무너졌다.,슬픔,5
잊은 줄 알았던 감정이 향에 깃들어 있었다.,슬픔,5
"어쩌면 울고 싶던 날, 이 향이 날 대신해 울었다.",슬픔,5
사라진 웃음소리가 향과 함께 스쳤다.,슬픔,5
이 향은 따뜻하지만 마음은 시렸다.,슬픔,5
향기 너머로 떠나간 날들이 보였다.,슬픔,5
마음 한편에 남아 있던 감정이 향에 젖었다.,슬픔,5
다시 돌아갈 수 없는 시간을 향이 말해줬다.,슬픔,5
눈물이 고인 채로 향을 느꼈다.,슬픔,5
그리운 이름 하나가 향에 스며 있었다.,슬픔,5
이 향은 끝난 사랑의 흔적 같았다.,슬픔,5
낯선 곳에서 느껴진 익숙한 향이 울컥하게 했다.,슬픔,5
문득 멈춰 서게 만든 향이었다.,슬픔,5
향 하나에 담긴 이별의 느낌이 짙었다.,슬픔,5
이 향은 그날의 공기와 똑같았다.,슬픔,5
향에 덮인 방 안이 더 적막하게 느껴졌다.,슬픔,5
잠시 스친 향이 그날의 감정을 꺼냈다.,슬픔,5
이 향은 아무 말 없이도 위로가 되지 못했다.,슬픔,5
이 향을 맡고 나니 괜히 서글퍼졌다.,슬픔,5
이 향은 조용히 다가와 마음을 울렸다.,슬픔,5
지나간 시간들이 향을 타고 밀려왔다.,슬픔,5
"혼자 있는 방, 향만이 내 곁을 지켰다.",슬픔,5
향기 하나에 울컥할 줄은 몰랐다.,슬픔,5
익숙한 향인데 오늘은 낯설게만 느껴졌다.,슬픔,5
가슴 한켠이 저릿한 건 이 향 때문이었을까.,슬픔,5
이 향은 말없이 내 기분을 알아채는 듯했다.,슬픔,5
차가운 공기와 함께 번진 향이 외로움을 더했다.,슬픔,5
"향을 맡는 순간, 멍하니 창밖만 바라보게 됐다.",슬픔,5
바람 속에 스며든 향이 지난 기억을 데려왔다.,슬픔,5
"혼자 남은 저녁, 향이 괜히 더 쓸쓸하게 느껴졌다.",슬픔,5
오늘 따라 이 향이 더 슬프게 느껴졌다.,슬픔,5
향 하나로도 이토록 외로울 수 있다는 걸 알았다.,슬픔,5
이 향은 내가 꾹 눌러둔 마음을 꺼내보게 했다.,슬픔,5
잔잔하게 퍼지는 향이 마음을 짓눌렀다.,슬픔,5
"마음이 휑한 날, 향마저 바람 같았다.",슬픔,5
지나간 계절처럼 향도 사라져서 더 쓸쓸했다.,슬픔,5
이 향은 의미 없이 퍼졌다.,우울,6
기분을 바꾸려 향을 뿌렸지만 소용없었다.,우울,6
창문을 열고도 벗어나지 못한 답답함이 향에도 배어 있었다.,우울,6
무거운 마음을 안고 향을 맡았지만 더 가라앉았다.,우울,6
향이 좋아야 하는데 오늘은 아무 감정도 안 생겼다.,우울,6
"하루 종일 무기력했던 날, 향도 아무 느낌 없이 스쳐갔다.",우울,6
멍한 상태로 향만 맡고 있었다.,우울,6
정적 속에 향만 맴돌았다.,우울,6
그저 멍하니 향을 맡으며 시간을 흘려보냈다.,우울,6
혼자 있는 공간에 향만 남았다.,우울,6
마음속 깊은 공허함이 남아 있었다.,우울,6
기억도 감정도 떠오르지 않았다.,우울,6
아무 일도 없었지만 무거웠다.,우울,6
익숙한 향도 더 이상 익숙하지 않았다.,우울,6
향 하나로는 부족했다.,우울,6
그냥 향을 흘려보냈다.,우울,6
아무 감정 없이 지나간 향이었다.,우울,6
오늘 하루는 향조차 의미 없게 느껴졌다.,우울,6
이 향을 맡아도 기분이 나아지지 않았다.,우울,6
계속 침대에 누워만 있고 싶은 기분이었다.,우울,6
오늘 향이 왜 이리 무겁고 차갑게만 느껴질까.,우울,6
일상의 무게에 눌린 채 향을 흘려보냈다.,우울,6
거울 속 나를 보고 향을 뿌렸지만 변화는 없었다.,우울,6
이 향은 내 우울한 기분을 덮기엔 너무 연약했다.,우울,6
"무엇을 해도 의미 없는 날, 향조차 허무하게 다가왔다.",우울,6
울컥한 감정이 향에 얹혀 터질 것 같았다.,우울,6
오늘의 향은 무채색 그림자처럼 다가왔다.,우울,6
"지친 하루 끝, 향도 나를 위로해주지 못했다.",우울,6
감정이 텅 빈 채로 향만 맡고 있었다.,우울,6
너무 조용한 공간에서 향이 더 무겁게 느껴졌다.,우울,6
"일어나기조차 힘든 아침, 향도 나를 깨우지 못했다.",우울,6
햇빛이 환한데도 마음속은 이 향처럼 어두웠다.,우울,6
조용히 퍼지는 향이 내 우울을 더 짙게 만들었다.,우울,6
"아무 생각도 들지 않는 날, 향은 배경 소음 같았다.",우울,6
"예전엔 좋아했던 향인데, 지금은 그저 공허했다.",우울,6
지친 하루에 향은 배경일 뿐이었다.,우울,6
향 하나로도 감정이 돌아오지 않았다.,우울,6
감정이 메마른 날이었다.,우울,6
무기력함이 방 안에 가득했다.,우울,6
향이 스쳐도 감정은 그대로였다.,우울,6
감정 없이 지나가는 하루였다.,우울,6
향기조차 피곤하게 느껴졌다.,우울,6
아무 감정 없이 향이 스쳐갔다.,우울,6
향이 있어도 아무 감흥이 없었다.,우울,6
무감각한 하루였다.,우울,6
향을 맡아도 공허함만 커졌다.,우울,6
기분 전환은 되지 않았다.,우울,6
그저 그런 향이었다.,우울,6
지친 날엔 어떤 향도 다 무뎌졌다.,우울,6
마음의 여백을 채우지 못했다.,우울,6
"조용한 방 안, 향만 떠돌았다.",우울,6
오늘은 향도 낯설게 다가왔다.,우울,6
무표정한 얼굴로 향을 맡았다.,우울,6
무기력한 마음에 향도 닿지 않았다.,우울,6
오늘은 향도 무의미하게 느껴졌다.,우울,6
그냥 아무 생각 없이 이 향에 묻혀있고 싶었다.,우울,6
텅 빈 감정 속에서 향을 느꼈다.,우울,6
감정이 없으니 향도 무색했다.,우울,6
향이 위로가 되지 않는 날이었다.,우울,6
이 향은 마음을 울리지도 못했다.,우울,6
마음은 텅 비어 있었고 향은 희미했다.,우울,6
기대 없이 향을 뿌렸다.,우울,6
감정 없이 뿌린 향이었다.,우울,6
그냥 향을 뿌렸을 뿐이었다.,우울,6
"모든 게 흐릿한 날, 향도 그랬다.",우울,6
오늘은 그저 향을 잊고 싶었다.,우울,6
이 향은 나를 흔들지 못했다.,우울,6
이 향은 나와 상관없는 듯했다.,우울,6
향이 나를 일으켜 세우지 못했다.,우울,6
향은 그저 공기처럼 지나갔다.,우울,6
기운 없는 하루에 향도 지쳤다.,우울,6
"혼자 있는 시간, 향이 흐려졌다.",우울,6
향을 맡는 것도 버거웠다.,우울,6
이 향이 나를 감싸도 아무 느낌 없었다.,우울,6
"깊은 밤, 향이 불면처럼 감정을 떠올리게 했다.",우울,6
이 향은 아무 감정도 불러일으키지 못했다.,우울,6
눈을 감고 향을 느끼자 텅 빈 마음이 더 선명해졌다.,우울,6
바람처럼 스쳐가는 향이 외롭게 느껴졌다.,우울,6
이 향은 어제와 다를 바 없었다.,우울,6
마음 깊은 곳의 공허함을 향이 감싸주지 못했다.,우울,6
"모든 감각이 멈춘 듯, 향도 흐릿했다.",우울,6
무의미한 하루에 향만이 배회했다.,우울,6
이 향은 마치 감정을 마비시키는 듯했다.,우울,6
쓸쓸한 공간에 향이 더 쓸쓸하게 퍼졌다.,우울,6
오늘은 어떤 향도 마음에 닿지 않았다.,우울,6
그냥 하루를 끝내고 싶은 기분이었다.,우울,6
지친 몸과 마음에 향이 스며들지 않았다.,우울,6
익숙한 향도 오늘은 마음을 채우지 못했다.,우울,6
향을 맡는 행위조차 버거운 날이었다.,우울,6
그저 향이 지나가길 기다릴 뿐이었다.,우울,6
이 향은 나를 일으켜 세우지 못했다.,우울,6
좋았던 향인데 오늘은 낯설고 멀게 느껴졌다.,우울,6
마음 한구석이 시린데 향이 그걸 더 깊게 만들었다.,우울,6
향이 나를 감싸도 외로움은 사라지지 않았다.,우울,6
잠에서 깼는데 기분도 향도 뿌옇기만 했다.,우울,6
햇살이 따뜻한데 향은 차갑게 느껴졌다.,우울,6
향을 맡았을 뿐인데 가슴이 한없이 가라앉았다.,우울,6
이 향조차도 지친 마음을 건드리지 못했다.,우울,6
마음속 공백을 채우기엔 향이 너무 약했다.,우울,6
그저 시간만 흘러가는 느낌이었다.,우울,6
"아무도 없는 방, 향만 공허하게 흘렀다.",우울,6
무기력함이 향보다 짙게 퍼졌다.,우울,6
지금 이 기분엔 어떤 향도 어울리지 않았다.,우울,6
"어느새 향도, 감정도 흐릿해졌다.",우울,6
그냥 지나가는 냄새처럼 향이 스쳤다.,우울,6
감정이 사라진 자리에 향만 맴돌았다.,우울,6
이 향은 더 이상 나를 위로하지 못한다.,우울,6
멍하니 창밖을 바라보며 향을 느꼈다.,우울,6
오늘도 향을 맡으며 아무 생각 없이 앉아 있었다.,우울,6
감정 없이 지나가는 하루의 일부 같았다.,우울,6
향이 나를 감싸도 무기력함은 그대로였다.,우울,6
마치 무채색 필터를 씌운 듯한 하루였다.,우울,6
아무 일도 없었지만 기분은 계속 가라앉았다.,우울,6
그저 무덤덤하게 향을 지나쳤다.,우울,6
의욕 없는 하루에 향조차도 무의미하게 다가왔다.,우울,6
방 안을 맴도는 향이 마음을 더 눌렀다.,우울,6
슬픔의 끝자락에서 이 향을 맡았다.,우울,6
마음이 허한 날엔 이 향도 위로가 안 된다.,우울,6
혼잣말처럼 퍼지는 향이 더 쓸쓸했다.,우울,6
감정 없는 얼굴로 향을 마주했다.,우울,6
하루가 끝났는데 향만 남아 허탈했다.,우울,6
한동안 아무것도 하지 못한 채 향만 느꼈다.,우울,6
향을 들이마시는 순간 모든 감정이 정지됐다.,우울,6
우울한 감정이 향에 실려 다시 떠올랐다.,우울,6
이 향은 마음의 균열 사이로 스며들었다.,우울,6
지워지지 않는 기억처럼 향도 잔잔하게 남았다.,우울,6
향이 퍼질수록 마음의 공백이 커져갔다.,우울,6
이 향은 마치 멈춘 시간처럼 정적이었다.,우울,6
창밖 풍경보다 향이 더 외롭게 느껴졌다.,우울,6
"아무도 없는 공간, 향기만이 공허하게 흘렀다.",우울,6
햇살 아래서도 이 향은 어둡게만 느껴졌다.,우울,6
정적이 감도는 공간에서 향만 흘렀다.,우울,6
"무기력한 오후, 향도 함께 늘어져 있었다.",우울,6
이 향은 그리움이 아니라 공허함이었다.,우울,6
감정의 그림자가 향기 위에 내려앉았다.,우울,6
창밖을 바라보며 향기를 느껴도 여전히 무기력했다.,우울,6
무심코 향을 뿌렸지만 아무런 변화가 없었다.,우울,6
"고요한 방 안, 향만이 떠돌고 있었다.",우울,6
이 향은 아무 감정도 건드리지 못했다.,우울,6
마음이 너무 무거워 향조차 버거웠다.,우울,6
이 향이 좋다는 말이 오늘은 이해되지 않았다.,우울,6
조용히 퍼지는 향이 공허함만 더했다.,우울,6
빈 방에 혼자 누워 향만 바라보고 있었다.,우울,6
오늘은 향마저도 무의미하게 스쳐갔다.,우울,6
"창문을 열었지만 향도, 기분도 바뀌지 않았다.",우울,6
향을 맡는데 아무 감정도 떠오르지 않았다.,우울,6
내일도 이 향과 같은 기분일 것 같았다.,우울,6
텅 빈 마음에 향이 무겁게 내려앉았다.,우울,6
기억도 감정도 없이 향만 남았다.,우울,6
예전의 향인데도 전혀 위로가 되지 않았다.,우울,6
웃음이 절로 나는 하루의 동반자 같은 향이었다.,흥분,7
이 향 덕분에 모든 것이 새롭게 느껴졌다.,흥분,7
무기력한 일상이 반짝이는 순간으로 바뀌었다.,흥분,7
마치 좋아하는 노래 첫 소절을 들은 기분이었다.,흥분,7
이 향은 기대감을 온몸으로 끌어올려 줬다.,흥분,7
소풍 가는 날 아침처럼 마음이 들떴다.,흥분,7
향이 퍼지자마자 온몸이 깨어나는 듯한 느낌이었다.,흥분,7
맡는 순간 마음이 가볍고 설렜다.,흥분,7
방 안이 향기로 가득 차며 마음이 두근거렸다.,흥분,7
지친 일상에 활기를 불어넣는 향이었다.,흥분,7
처음 향을 맡고 난 후 기분이 확 좋아졌다.,흥분,7
이 향은 마치 좋은 일이 곧 일어날 것 같은 신호 같았다.,흥분,7
두근거림과 함께 웃음이 피어올랐다.,흥분,7
상쾌함이 몰려오며 기분이 들떴다.,흥분,7
기대되는 일이 있을 것만 같은 향이었다.,흥분,7
한 걸음 한 걸음이 신나는 하루가 시작되었다.,흥분,7
설렘 가득한 하루의 시작을 알리는 향이었다.,흥분,7
세상이 반짝이는 것처럼 느껴지게 만든 향이었다.,흥분,7
이 향은 바람처럼 자유롭고 생기 있었다.,흥분,7
새로운 도전 앞에서 이 향이 용기를 북돋아줬다.,흥분,7
기분 좋은 긴장이 향 속에 퍼져 있었다.,흥분,7
이 향은 마치 축제의 서막 같았다.,흥분,7
아침 공기와 어우러진 향이 상쾌하게 다가왔다.,흥분,7
심장이 뛰는 순간마다 이 향이 함께했다.,흥분,7
무심코 맡은 향에서 즐거움이 폭발했다.,흥분,7
기분 전환이 필요할 때 이 향이 완벽했다.,흥분,7
오늘은 무슨 일이든 잘될 것 같은 향이었다.,흥분,7
이 향을 맡는 순간 마음이 활짝 열렸다.,흥분,7
기분이 들뜬 이유가 이 향 때문인 것 같았다.,흥분,7
빛나는 햇살처럼 생기를 불어넣는 향이었다.,흥분,7
처음 가보는 여행지의 공기를 닮은 향이었다.,흥분,7
두근거림이 코끝까지 차오른 향이었다.,흥분,7
이 향은 마치 축하를 건네는 인사 같았다.,흥분,7
에너지가 솟구치는 듯한 느낌의 향이었다.,흥분,7
나도 모르게 미소 짓게 만드는 향이었다.,흥분,7
갑자기 계획하고 싶어질 만큼 에너지가 솟았다.,흥분,7
이 향은 새로운 인연을 암시하는 듯했다.,흥분,7
향기와 함께 새로운 하루를 시작할 수 있을 것 같았다.,흥분,7
힘차게 문을 여는 아침처럼 상쾌했다.,흥분,7
처음 맡았을 때의 짜릿함이 기억에 남는다.,흥분,7
온 세상이 반짝이는 느낌이 들었다.,흥분,7
이 향은 나에게 신나는 하루를 약속했다.,흥분,7
미소가 자연스레 지어졌다.,흥분,7
다시 시작할 용기를 주는 향이었다.,흥분,7
마음이 쿵 하고 울릴 정도로 설레는 향이었다.,흥분,7
이 향은 마치 기분 좋은 소식처럼 다가왔다.,흥분,7
평소보다 발걸음이 가벼워졌다.,흥분,7
기분 전환을 위한 최고의 선택이었다.,흥분,7
새로운 경험을 향해 나아가게 했다.,흥분,7
모험을 앞둔 순간처럼 설렘이 가득했다.,흥분,7
코끝을 스친 향이 심장을 뛰게 만들었다.,흥분,7
살랑이는 바람처럼 상쾌하고 경쾌한 향이었다.,흥분,7
향을 맡는 순간 긍정적인 에너지가 흘러들었다.,흥분,7
기대감으로 가슴이 벅차올랐다.,흥분,7
기대와 설렘이 향기에 녹아 있었다.,흥분,7
이 향을 맡는 순간 모든 걱정이 사라졌다.,흥분,7
향이 스치자마자 오늘이 기대됐다.,흥분,7
모든 것이 새롭게 느껴지는 아침이었다.,흥분,7
이 향은 평범한 공간을 특별하게 만들었다.,흥분,7
밝고 경쾌한 향이 마음을 두드렸다.,흥분,7
달리기를 시작하기 직전의 긴장과 흥분이 섞여 있었다.,흥분,7
향을 뿌린 순간 오늘은 무언가 다르다는 예감이 들었다.,흥분,7
가볍게 뛰어가고 싶은 기분이 드는 향이었다.,흥분,7
이 향은 나에게 용기를 주는 응원 같았다.,흥분,7
기분 좋은 떨림이 향기와 함께 피어올랐다.,흥분,7
무심코 웃게 만드는 향이었다.,흥분,7
한껏 기대에 부푼 마음으로 향을 뿌렸다.,흥분,7
오랜만에 설레는 마음이 찾아왔다.,흥분,7
햇살처럼 밝은 향이 주변을 감쌌다.,흥분,7
매 순간이 특별하게 느껴지도록 만드는 향이었다.,흥분,7
작은 기쁨이 스며든 향이었다.,흥분,7
행복한 하루가 될 것 같아 들떴다.,흥분,7
흥겨운 음악처럼 기분을 끌어올리는 향이었다.,흥분,7
벅찬 감정이 향과 함께 터져나오는 듯했다.,흥분,7
새 향을 뿌리는 순간 가슴이 두근거렸다.,흥분,7
이 향은 나를 더 활동적으로 만들어줬다.,흥분,7
밝은 기운이 주위를 감쌌다.,흥분,7
이 향은 희망을 속삭이는 듯했다.,흥분,7
눈을 감고 향을 느끼니 설렘이 밀려왔다.,흥분,7
새로운 하루가 시작된다는 신호 같았다.,흥분,7
가슴이 벅차오르는 감정을 느꼈다.,흥분,7
기분이 절로 좋아지는 향이었다.,흥분,7
이 향을 맡자 모든 것이 가능할 것 같았다.,흥분,7
발걸음이 저절로 빨라졌다.,흥분,7
상쾌한 바람을 닮은 향이었다.,흥분,7
긴장과 기대가 동시에 밀려왔다.,흥분,7
마음 속에 불꽃이 피어오른 듯했다.,흥분,7
기대하는 마음이 향기 속에 담겼다.,흥분,7
새로운 기회를 향한 용기를 준 향이었다.,흥분,7
세상이 좀 더 밝게 보이는 느낌이었다.,흥분,7
기분 좋은 떨림이 시작되었다.,흥분,7
기분 좋은 일이 일어날 것 같은 느낌이었다.,흥분,7
이 향은 마치 응원의 목소리 같았다.,흥분,7
심장이 빨리 뛰기 시작한 건 이 향 때문이었다.,흥분,7
어제와는 다른 내가 된 느낌이었다.,흥분,7
기대와 활력이 동시에 밀려왔다.,흥분,7
이 향은 나를 새로운 세계로 이끄는 것 같았다.,흥분,7
기분이 전환되는 찰나에 이 향이 함께했다.,흥분,7
처음 맡은 순간부터 기대감이 피어올랐다.,흥분,7
향기 하나로 아침이 활기차게 시작되었다.,흥분,7
두근거림이 발끝까지 퍼지는 기분이었다.,흥분,7
향을 맡자마자 입꼬리가 올라갔다.,흥분,7
이 향은 마치 좋은 소식을 예고하는 듯했다.,흥분,7
무기력함이 향기 속에서 사라졌다.,흥분,7
설레는 하루의 시작을 알리는 향이었다.,흥분,7
마음 속 깊은 곳에서부터 에너지가 솟았다.,흥분,7
이 향을 맡고 새로운 계획이 떠올랐다.,흥분,7
기대감이 머리부터 발끝까지 번졌다.,흥분,7
오늘은 뭔가 멋진 일이 일어날 것 같았다.,흥분,7
이 향 덕분에 자신감이 생겼다.,흥분,7
첫걸음을 내딛는 순간에 어울리는 향이었다.,흥분,7
마치 여행을 떠나는 날 아침 같은 느낌이었다.,흥분,7
설렘이 향과 함께 피어났다.,흥분,7
아무 이유 없이 기분이 좋아졌다.,흥분,7
이 향 하나로 마음이 들썩이는 걸 느꼈다.,흥분,7
향이 퍼지자마자 신나는 음악이 들리는 듯했다.,흥분,7
가벼운 발걸음에 딱 어울리는 상쾌한 향기였다.,흥분,7
이 향은 누군가와의 설레는 만남을 준비하게 한다.,흥분,7
온몸이 깨어나는 듯한 상큼함이 느껴졌다.,흥분,7
처음부터 끝까지 눈을 번쩍 뜨이게 하는 향이다.,흥분,7
향 덕분에 내 자신감도 함께 올라갔다.,흥분,7
하루의 시작을 상쾌하게 열어주는 활기찬 향이었다.,흥분,7
무언가 멋진 일이 일어날 것 같은 기분이었다.,흥분,7
처음 입어보는 새 옷처럼 기분이 확 살아났다.,흥분,7
햇살과 함께 어울리는 이 향이 너무 설레었다.,흥분,7
어제와는 다른 내가 된 것만 같은 느낌이었다.,흥분,7
이 향을 맡자마자 웃음이 저절로 나왔다.,흥분,7
바쁜 하루에도 힘이 나는 향이었다.,흥분,7
기대감이 온몸을 감싸며 향과 함께 솟아올랐다.,흥분,7
지루했던 하루에 활력을 불어넣는 향이었다.,흥분,7
달려가고 싶은 마음이 솟구쳤다.,흥분,7
활기찬 에너지가 향기 속에 가득 담겨 있었다.,흥분,7
기분 좋은 전율이 코끝에서부터 퍼져나갔다.,흥분,7
이 향은 나를 다시 살아나게 했다.,흥분,7
에너지가 폭발하는 느낌이었다.,흥분,7
지루한 일상이 반짝이기 시작했다.,흥분,7
밝고 생기 넘치는 향이었다.,흥분,7
무언가 새로운 걸 시도하고 싶어졌다.,흥분,7
긍정적인 마음이 향으로 표현되었다.,흥분,7
행복이 코끝에서 시작되었다.,흥분,7
기분 좋은 변화가 찾아올 것 같았다.,흥분,7
이 향은 새로운 가능성을 열어줬다.,흥분,7
오늘이 기다려지는 이유가 생겼다.,흥분,7
웃음이 나도 모르게 흘러나왔다.,흥분,7
모험을 떠나고 싶은 기분이 들었다.,흥분,7
향을 뿌리는 순간 심장이 빠르게 뛰기 시작했다.,흥분,7
처음 맡아보는 향인데 너무 설레고 기대됐다.,흥분,7
이 향은 마치 새로운 시작 같은 기분을 준다.,흥분,7
오늘 하루가 왠지 특별할 것만 같아졌다.,흥분,7
이 향은 내일이 기다려지게 만들었다.,흥분,7
